{"cameraMode":{"drawMode":0,"name":"Shaded","section":"Shading Mode"},"sceneLighting":true,"audioPlay":false,"sceneViewState":{"showFog":true,"showMaterialUpdate":false,"showSkybox":true,"showFlares":true,"showImageEffects":true,"showParticleSystems":true,"showVisualEffectGraphs":true,"m_FxEnabled":true},"in2DMode":false,"pivot":{"x":-1.6386499404907227,"y":1.9243391752243043,"z":-16.856468200683595},"rotation":{"x":-0.15818093717098237,"y":0.39227768778800967,"z":-0.06867210566997528,"w":-0.9035453796386719},"size":9.406968116760254,"orthographic":false}